Keyword,Slug
are belly button piercings haram,are-belly-button-piercings-haram
are cheetos haram,are-cheetos-haram
are eyebrow piercings haram,are-eyebrow-piercings-haram
are instruments haram,are-instruments-haram
are labubus haram,are-labubus-haram
are oreos haram,are-oreos-haram
are skittles haram,are-skittles-haram
are steroids haram,are-steroids-haram
are stocks haram,are-stocks-haram
are takis haram,are-takis-haram
are tampons haram,are-tampons-haram
are tattoos haram,are-tattoos-haram
dua for a traveller,dua-for-a-traveller
dua for an exam,dua-for-an-exam
dua for anxiety,dua-for-anxiety
dua for beginning fasting,dua-for-beginning-fasting
dua for breaking fast,dua-for-breaking-fast
dua for breaking fast ramadan,dua-for-breaking-fast-ramadan
dua for deceased,dua-for-deceased
dua for entering home,dua-for-entering-home
dua for entering masjid,dua-for-entering-masjid
dua for entering the masjid,dua-for-entering-the-masjid
dua for exam,dua-for-exam
dua for examination,dua-for-examination
dua for exams,dua-for-exams
dua for fasting,dua-for-fasting
dua for forgiveness,dua-for-forgiveness
dua for iftar,dua-for-iftar
dua for istikhara,dua-for-istikhara
dua for laylatul qadr,dua-for-laylatul-qadr
dua for leaving the house,dua-for-leaving-the-house
dua for open fasting,dua-for-open-fasting
dua for opening fast,dua-for-opening-fast
dua for pain,dua-for-pain
dua for parents,dua-for-parents
dua for protection,dua-for-protection
dua for qunoot,dua-for-qunoot
dua for sleeping,dua-for-sleeping
dua for success,dua-for-success
dua for the pain,dua-for-the-pain
dua for travel,dua-for-travel
dua for traveling,dua-for-traveling
dua for travelling,dua-for-travelling
dua for waking up,dua-for-waking-up
halal vs haram,halal-vs-haram
is a bbl haram,is-a-bbl-haram
is abortion haram,is-abortion-haram
is adoption haram,is-adoption-haram
is aitalian brainrot haram,is-aitalian-brainrot-haram
is alcohol haram,is-alcohol-haram
is anime haram,is-anime-haram
is beef haram,is-beef-haram
is botox haram,is-botox-haram
is boxing haram,is-boxing-haram
is cbd haram,is-cbd-haram
is celebrating birthdays haram,is-celebrating-birthdays-haram
is chess haram,is-chess-haram
is coffee haram,is-coffee-haram
is coloring your hair haram,is-coloring-your-hair-haram
is crab haram,is-crab-haram
is cursing haram,is-cursing-haram
is dancing haram,is-dancing-haram
is dating haram,is-dating-haram
is drawing haram,is-drawing-haram
is dropshipping haram,is-dropshipping-haram
is dying your hair haram,is-dying-your-hair-haram
is financing a car from a dealership haram,is-financing-a-car-from-a-dealership-haram
is gelatin haram,is-gelatin-haram
is gold haram,is-gold-haram
is halloween haram,is-halloween-haram
is hookah haram,is-hookah-haram
is interest haram,is-interest-haram
is investing haram,is-investing-haram
is it haram to force your child to read quran,is-it-haram-to-force-your-child-to-read-quran
is it haram to have a girlfriend,is-it-haram-to-have-a-girlfriend
is it haram to listen to nasheed,is-it-haram-to-listen-to-nasheed
is khat haram,is-khat-haram
is kombucha haram,is-kombucha-haram
is lobster haram,is-lobster-haram
is lottery haram,is-lottery-haram
is lying haram,is-lying-haram
is makeup haram,is-makeup-haram
is mcdonalds haram,is-mcdonalds-haram
is meditation haram,is-meditation-haram
is music haram,is-music-haram
is nicotine haram,is-nicotine-haram
is nose piercing haram,is-nose-piercing-haram
is shisha haram,is-shisha-haram
is singing haram,is-singing-haram
is smoking haram,is-smoking-haram
is sushi haram,is-sushi-haram
is swearing haram,is-swearing-haram
is thanksgiving haram,is-thanksgiving-haram
is tobacco haram,is-tobacco-haram
is trading haram,is-trading-haram
is trick or treating haram,is-trick-or-treating-haram
is valentines day haram,is-valentines-day-haram
is vaping haram,is-vaping-haram
is wine haram,is-wine-haram
is yoga haram,is-yoga-haram
life insurance is haram,life-insurance-is-haram
mango haram,mango-haram
what is islamful,what-is-islamful
why are dogs haram,why-are-dogs-haram
why is interest haram,why-is-interest-haram
"how to perform wudu","how-to-perform-wudu"
"how to pray salah for beginners","how-to-pray-salah-for-beginners"
"how to pray fajr","how-to-pray-fajr"
"how to perform hajj step by step","how-to-perform-hajj-step-by-step"
"how to calculate zakat","how-to-calculate-zakat"
"how to read quran for beginners","how-to-read-quran-for-beginners"
"how to memorize the quran","how-to-memorize-the-quran"
"how to convert to islam","how-to-convert-to-islam"
"how to make up missed prayers","how-to-make-up-missed-prayers"
"how to do istikhara prayer","how-to-do-istikhara-prayer"
